{
  "checkpoint_path": "outputs\\cnn_x4_baseline\\checkpoints\\best.pt",
  "device": "cuda",
  "dtype": "float32",
  "input_shape": [
    1,
    1,
    512,
    512
  ],
  "warmup_iters": 10,
  "benchmark_iters": 100,
  "latency_ms": {
    "mean": 28.339208979159594,
    "median": 28.248450020328164,
    "min": 28.036899864673615,
    "max": 36.20800003409386,
    "std": 0.8061425253906904
  },
  "throughput_fps": 35.28680002096711
}