{
  "checkpoint_path": "outputs\\swinir_x2_baseline\\checkpoints\\best.pth",
  "device": "cuda",
  "dtype": "float32",
  "input_shape": [
    1,
    3,
    512,
    512
  ],
  "warmup_iters": 10,
  "benchmark_iters": 100,
  "latency_ms": {
    "mean": 1304.9722939822823,
    "median": 1298.8864001818001,
    "min": 1242.0244002714753,
    "max": 1413.9362000860274,
    "std": 40.72328269667943
  },
  "throughput_fps": 0.7662997939583667
}