{
  "checkpoint_path": "outputs\\swinir_x4_baseline\\checkpoints\\best.pth",
  "device": "cuda",
  "dtype": "float32",
  "input_shape": [
    1,
    3,
    512,
    512
  ],
  "warmup_iters": 10,
  "benchmark_iters": 100,
  "latency_ms": {
    "mean": 1309.5582909928635,
    "median": 1300.4461501259357,
    "min": 1251.9077998586,
    "max": 1460.947500076145,
    "std": 39.416112861576245
  },
  "throughput_fps": 0.7636162566248451
}